{
    "human_95th_percentile": 1.1418906572987855,
    "human_99th_percentile": 1.3327809831067439,
    "recommended_threshold": 1.1418906572987855
}