{
    "mean": {
        "mfcc_mean_0": -240.55427001953126,
        "mfcc_mean_1": 105.32229293823242,
        "mfcc_mean_2": 0.04587611734867096,
        "mfcc_mean_3": 28.16326736450195,
        "mfcc_mean_4": -11.834196937084197,
        "mfcc_mean_5": 2.739384269863367,
        "mfcc_mean_6": -11.980518221855164,
        "mfcc_mean_7": -10.868595502115786,
        "mfcc_mean_8": -9.035690426826477,
        "mfcc_mean_9": -11.599636924266814,
        "mfcc_mean_10": -11.733340702056886,
        "mfcc_mean_11": -8.76833570420742,
        "mfcc_mean_12": -3.0488555723428727,
        "mfcc_std_0": 106.71920288085937,
        "mfcc_std_1": 44.48723915100098,
        "mfcc_std_2": 40.305095252990725,
        "mfcc_std_3": 30.257527084350585,
        "mfcc_std_4": 22.917398796081542,
        "mfcc_std_5": 17.12613224029541,
        "mfcc_std_6": 15.84800085067749,
        "mfcc_std_7": 15.623656539916992,
        "mfcc_std_8": 14.45789686203003,
        "mfcc_std_9": 11.164843692779542,
        "mfcc_std_10": 9.95776372909546,
        "mfcc_std_11": 10.417154359817506,
        "mfcc_std_12": 8.92263521194458,
        "centroid_mean": 1112.3689979143762,
        "bandwidth_mean": 1272.4926369076318,
        "flatness_mean": 0.007081301319412887,
        "rolloff_mean": 2186.748140767451,
        "f0_mean": 306.98905430187193,
        "f0_std": 63.2459299231268,
        "jitter": 0.04370888043949996,
        "shimmer": 0.16927313610911368,
        "zcr_mean": 0.06881298628381485,
        "energy_entropy": 5.164706449508667
    },
    "std": {
        "mfcc_mean_0": 38.04195097781522,
        "mfcc_mean_1": 14.246462335119569,
        "mfcc_mean_2": 7.417387885920293,
        "mfcc_mean_3": 8.887780794636447,
        "mfcc_mean_4": 4.763700814158946,
        "mfcc_mean_5": 8.521062957185466,
        "mfcc_mean_6": 4.839562405000343,
        "mfcc_mean_7": 6.3415807922364635,
        "mfcc_mean_8": 4.316004757645805,
        "mfcc_mean_9": 6.289981229242964,
        "mfcc_mean_10": 5.416386238916535,
        "mfcc_mean_11": 6.844725799747547,
        "mfcc_mean_12": 4.416141852249657,
        "mfcc_std_0": 25.755036271069688,
        "mfcc_std_1": 6.808645221751057,
        "mfcc_std_2": 3.975415940880331,
        "mfcc_std_3": 3.065570923963436,
        "mfcc_std_4": 2.6028127164997916,
        "mfcc_std_5": 1.9253911684748892,
        "mfcc_std_6": 2.452058327697155,
        "mfcc_std_7": 2.3776646515974895,
        "mfcc_std_8": 1.7852521151495544,
        "mfcc_std_9": 1.1434407890594191,
        "mfcc_std_10": 1.0646509348977604,
        "mfcc_std_11": 0.9222359814553601,
        "mfcc_std_12": 0.9814678425056024,
        "centroid_mean": 153.7038585224812,
        "bandwidth_mean": 170.11739358197067,
        "flatness_mean": 0.005978089702479921,
        "rolloff_mean": 374.9010880095603,
        "f0_mean": 27.82331942604931,
        "f0_std": 13.578640634927876,
        "jitter": 0.011422838002656721,
        "shimmer": 0.024277364217454717,
        "zcr_mean": 0.019650478465369405,
        "energy_entropy": 0.7090954291636937
    },
    "min": {
        "mfcc_mean_0": -324.9495849609375,
        "mfcc_mean_1": 79.35604858398438,
        "mfcc_mean_2": -24.786571502685547,
        "mfcc_mean_3": 9.271268844604492,
        "mfcc_mean_4": -22.630355834960938,
        "mfcc_mean_5": -11.74467945098877,
        "mfcc_mean_6": -26.171480178833008,
        "mfcc_mean_7": -24.664758682250977,
        "mfcc_mean_8": -19.75969886779785,
        "mfcc_mean_9": -25.939950942993164,
        "mfcc_mean_10": -23.424047470092773,
        "mfcc_mean_11": -21.334165573120117,
        "mfcc_mean_12": -11.313077926635742,
        "mfcc_std_0": 63.20594787597656,
        "mfcc_std_1": 29.117626190185547,
        "mfcc_std_2": 30.285324096679688,
        "mfcc_std_3": 24.094057083129883,
        "mfcc_std_4": 17.44580841064453,
        "mfcc_std_5": 13.102682113647461,
        "mfcc_std_6": 11.735396385192871,
        "mfcc_std_7": 10.345059394836426,
        "mfcc_std_8": 11.244165420532227,
        "mfcc_std_9": 8.867435455322266,
        "mfcc_std_10": 7.189486503601074,
        "mfcc_std_11": 7.925028324127197,
        "mfcc_std_12": 7.698497295379639,
        "centroid_mean": 795.0008722790394,
        "bandwidth_mean": 937.4631742296463,
        "flatness_mean": 0.001323868054896593,
        "rolloff_mean": 1437.0442708333333,
        "f0_mean": 255.601395488094,
        "f0_std": 29.842906412531413,
        "jitter": 0.01927381200082022,
        "shimmer": 0.11469636112451553,
        "zcr_mean": 0.040472255608974356,
        "energy_entropy": 3.518745183944702
    },
    "max": {
        "mfcc_mean_0": -176.2176513671875,
        "mfcc_mean_1": 135.32354736328125,
        "mfcc_mean_2": 13.17031192779541,
        "mfcc_mean_3": 49.02070236206055,
        "mfcc_mean_4": -1.271799921989441,
        "mfcc_mean_5": 17.197860717773438,
        "mfcc_mean_6": -2.9925339221954346,
        "mfcc_mean_7": 3.4002082347869873,
        "mfcc_mean_8": -3.0635945796966553,
        "mfcc_mean_9": -1.5521785020828247,
        "mfcc_mean_10": -4.7962775230407715,
        "mfcc_mean_11": 0.6613059639930725,
        "mfcc_mean_12": 7.935766220092773,
        "mfcc_std_0": 151.44227600097656,
        "mfcc_std_1": 55.486087799072266,
        "mfcc_std_2": 48.90135955810547,
        "mfcc_std_3": 36.250701904296875,
        "mfcc_std_4": 29.383472442626953,
        "mfcc_std_5": 22.90428924560547,
        "mfcc_std_6": 20.885889053344727,
        "mfcc_std_7": 19.991609573364258,
        "mfcc_std_8": 19.633056640625,
        "mfcc_std_9": 13.364911079406738,
        "mfcc_std_10": 12.318425178527832,
        "mfcc_std_11": 12.752452850341797,
        "mfcc_std_12": 11.76860237121582,
        "centroid_mean": 1448.2412085547116,
        "bandwidth_mean": 1503.0039745813451,
        "flatness_mean": 0.0344412587583065,
        "rolloff_mean": 2868.4526821862346,
        "f0_mean": 367.5839469711963,
        "f0_std": 99.68650670667586,
        "jitter": 0.06739411250353902,
        "shimmer": 0.22960048913955688,
        "zcr_mean": 0.1333353498340708,
        "energy_entropy": 6.378434658050537
    },
    "q1": {
        "mfcc_mean_0": -262.3574409484863,
        "mfcc_mean_1": 93.55663871765137,
        "mfcc_mean_2": -3.2804835438728333,
        "mfcc_mean_3": 21.252541542053223,
        "mfcc_mean_4": -14.195251941680908,
        "mfcc_mean_5": -4.811609864234924,
        "mfcc_mean_6": -13.687944412231445,
        "mfcc_mean_7": -14.712335586547852,
        "mfcc_mean_8": -11.569323539733887,
        "mfcc_mean_9": -14.909953594207764,
        "mfcc_mean_10": -15.323060274124146,
        "mfcc_mean_11": -15.928033113479614,
        "mfcc_mean_12": -6.98274040222168,
        "mfcc_std_0": 85.76513290405273,
        "mfcc_std_1": 40.937825202941895,
        "mfcc_std_2": 39.155250549316406,
        "mfcc_std_3": 27.843374252319336,
        "mfcc_std_4": 21.01883363723755,
        "mfcc_std_5": 16.023714542388916,
        "mfcc_std_6": 13.642521858215332,
        "mfcc_std_7": 14.108524322509766,
        "mfcc_std_8": 13.30324673652649,
        "mfcc_std_9": 10.341955184936523,
        "mfcc_std_10": 9.438873529434204,
        "mfcc_std_11": 9.960375785827637,
        "mfcc_std_12": 8.154691696166992,
        "centroid_mean": 998.5845203589067,
        "bandwidth_mean": 1129.314584501553,
        "flatness_mean": 0.003418554610107094,
        "rolloff_mean": 1919.768195015559,
        "f0_mean": 283.6388196909755,
        "f0_std": 56.73438063116119,
        "jitter": 0.03875706622251033,
        "shimmer": 0.15821756049990654,
        "zcr_mean": 0.0574538024149492,
        "energy_entropy": 4.600421786308289
    },
    "q3": {
        "mfcc_mean_0": -212.6888656616211,
        "mfcc_mean_1": 115.22184181213379,
        "mfcc_mean_2": 4.594877362251282,
        "mfcc_mean_3": 34.449137687683105,
        "mfcc_mean_4": -8.918639898300171,